grade,subject,source_status,coverage_status,syllabus_structure_status,learning_outcomes_status,assessment_status,content_ready_status,outstanding_issues
11,Physics,SOURCE_INSPECTED,APPROVED,SYLLABUS_EXTRACTED,LEARNING_OUTCOMES_EXTRACTED,ASSESSMENT_CHECKED,content-ready,
11,Chemistry,SOURCE_INSPECTED,APPROVED,SYLLABUS_EXTRACTED,LEARNING_OUTCOMES_EXTRACTED,ASSESSMENT_CHECKED,content-ready,
11,Biology,SOURCE_INSPECTED,APPROVED,SYLLABUS_EXTRACTED,LEARNING_OUTCOMES_EXTRACTED,ASSESSMENT_CHECKED,content-ready,
11,Mathematics,SOURCE_INSPECTED,APPROVED,SYLLABUS_EXTRACTED_PARTIAL,LEARNING_OUTCOMES_PARTIAL,ASSESSMENT_CHECKED,content-ready,
11,English,SOURCE_INSPECTED,APPROVED,SYLLABUS_EXTRACTED,LEARNING_OUTCOMES_EXTRACTED,ASSESSMENT_CHECKED,content-ready,
11,Nepali,SOURCE_INSPECTED,APPROVED,SYLLABUS_EXTRACTED,LEARNING_OUTCOMES_EXTRACTED,ASSESSMENT_CHECKED,content-ready,
11,Environmental Science,DISCOVERED,PENDING,NOT_EXTRACTED,NOT_EXTRACTED,NOT_CHECKED,needs-source,Syllabus structure extraction pending from CDC 2077 document
11,Computer Science,DISCOVERED,PENDING,NOT_EXTRACTED,NOT_EXTRACTED,NOT_CHECKED,needs-source,Syllabus structure extraction pending from CDC 2077 document
11,Accounting,DISCOVERED,PENDING,NOT_EXTRACTED,NOT_EXTRACTED,NOT_CHECKED,needs-source,Syllabus structure extraction pending from CDC 2077 document
11,Economics,DISCOVERED,PENDING,NOT_EXTRACTED,NOT_EXTRACTED,NOT_CHECKED,needs-source,Syllabus structure extraction pending from CDC 2077 document
11,Business Studies,DISCOVERED,PENDING,NOT_EXTRACTED,NOT_EXTRACTED,NOT_CHECKED,needs-source,Syllabus structure extraction pending from CDC 2077 document
11,Education,DISCOVERED,PENDING,NOT_EXTRACTED,NOT_EXTRACTED,NOT_CHECKED,needs-source,Syllabus structure extraction pending from CDC 2077 document
11,Political Science,DISCOVERED,PENDING,NOT_EXTRACTED,NOT_EXTRACTED,NOT_CHECKED,needs-source,Syllabus structure extraction pending from CDC 2077 document
11,Sociology,DISCOVERED,PENDING,NOT_EXTRACTED,NOT_EXTRACTED,NOT_CHECKED,needs-source,Syllabus structure extraction pending from CDC 2077 document
11,Advanced Mathematics,DISCOVERED,PENDING,NOT_EXTRACTED,NOT_EXTRACTED,NOT_CHECKED,needs-source,Syllabus structure extraction pending from CDC 2077 document
11,Intelligent Study,DISCOVERED,PENDING,NOT_EXTRACTED,NOT_EXTRACTED,NOT_CHECKED,needs-source,Transitional status 2077-78
11,Nursing Fundamentals,DISCOVERED,PENDING,NOT_EXTRACTED,NOT_EXTRACTED,NOT_CHECKED,needs-source,Syllabus structure extraction pending from CDC 2077 document
11,Hotel Management Basics,DISCOVERED,PENDING,NOT_EXTRACTED,NOT_EXTRACTED,NOT_CHECKED,needs-source,Syllabus structure extraction pending from CDC 2077 document
12,Physics,SOURCE_INSPECTED,APPROVED,SYLLABUS_EXTRACTED,LEARNING_OUTCOMES_EXTRACTED,ASSESSMENT_CHECKED,content-ready,
12,Chemistry,SOURCE_INSPECTED,APPROVED,SYLLABUS_EXTRACTED,LEARNING_OUTCOMES_EXTRACTED,ASSESSMENT_CHECKED,content-ready,
12,Biology,SOURCE_INSPECTED,APPROVED,SYLLABUS_EXTRACTED,LEARNING_OUTCOMES_EXTRACTED,ASSESSMENT_CHECKED,content-ready,
12,Mathematics,SOURCE_INSPECTED,APPROVED,SYLLABUS_EXTRACTED,LEARNING_OUTCOMES_EXTRACTED,ASSESSMENT_CHECKED,content-ready,
12,English,SOURCE_INSPECTED,PENDING,NOT_EXTRACTED,NOT_EXTRACTED,NOT_CHECKED,needs-source,Syllabus structure extraction pending from CDC 2077 document
12,Nepali,SOURCE_INSPECTED,PENDING,NOT_EXTRACTED,NOT_EXTRACTED,NOT_CHECKED,needs-source,Syllabus structure extraction pending from CDC 2077 document
12,Environmental Science,DISCOVERED,PENDING,NOT_EXTRACTED,NOT_EXTRACTED,NOT_CHECKED,needs-source,Syllabus structure extraction pending from CDC 2077 document
12,Computer Science,DISCOVERED,PENDING,NOT_EXTRACTED,NOT_EXTRACTED,NOT_CHECKED,needs-source,Syllabus structure extraction pending from CDC 2077 document
12,Accounting,DISCOVERED,PENDING,NOT_EXTRACTED,NOT_EXTRACTED,NOT_CHECKED,needs-source,Syllabus structure extraction pending from CDC 2077 document
12,Economics,DISCOVERED,PENDING,NOT_EXTRACTED,NOT_EXTRACTED,NOT_CHECKED,needs-source,Syllabus structure extraction pending from CDC 2077 document
12,Business Studies,DISCOVERED,PENDING,NOT_EXTRACTED,NOT_EXTRACTED,NOT_CHECKED,needs-source,Syllabus structure extraction pending from CDC 2077 document
12,Education,DISCOVERED,PENDING,NOT_EXTRACTED,NOT_EXTRACTED,NOT_CHECKED,needs-source,Syllabus structure extraction pending from CDC 2077 document
12,Political Science,DISCOVERED,PENDING,NOT_EXTRACTED,NOT_EXTRACTED,NOT_CHECKED,needs-source,Syllabus structure extraction pending from CDC 2077 document
12,Sociology,DISCOVERED,PENDING,NOT_EXTRACTED,NOT_EXTRACTED,NOT_CHECKED,needs-source,Syllabus structure extraction pending from CDC 2077 document
12,Advanced Mathematics,DISCOVERED,PENDING,NOT_EXTRACTED,NOT_EXTRACTED,NOT_CHECKED,needs-source,Syllabus structure extraction pending from CDC 2077 document
12,Intelligent Study,DISCOVERED,PENDING,NOT_EXTRACTED,NOT_EXTRACTED,NOT_CHECKED,needs-source,Transitional status 2077-78
12,Nursing Fundamentals,DISCOVERED,PENDING,NOT_EXTRACTED,NOT_EXTRACTED,NOT_CHECKED,needs-source,Syllabus structure extraction pending from CDC 2077 document
12,Hotel Management Basics,DISCOVERED,PENDING,NOT_EXTRACTED,NOT_EXTRACTED,NOT_CHECKED,needs-source,Syllabus structure extraction pending from CDC 2077 document
