source_id,document_title,publishing_authority,grade,subject,curriculum_year,document_type,official_url,access_status,verification_status,notes
CDC_PHYS_11,Secondary Education Curriculum Grade 11,Curriculum Development Centre (CDC),11,Physics,2077,Official CDC curriculum document,https://moecdc.gov.np/content/160/secondary-education-curriculum--2077-grade-11-12-part/,PUBLIC_ACCESS,SOURCE_INSPECTED,Compulsory subject; verified Grade 11 Physics syllabus
CDC_PHYS_12,Secondary Education Curriculum Grade 12,Curriculum Development Centre (CDC),12,Physics,2077,Official CDC curriculum document,https://moecdc.gov.np/content/160/secondary-education-curriculum--2077-grade-11-12-part/,PUBLIC_ACCESS,SOURCE_INSPECTED,Compulsory subject; verified Grade 12 Physics syllabus
CDC_CHEM_11,Secondary Education Curriculum Grade 11,Curriculum Development Centre (CDC),11,Chemistry,2077,Official CDC curriculum document,https://moecdc.gov.np/content/160/secondary-education-curriculum--2077-grade-11-12-part/,PUBLIC_ACCESS,SOURCE_INSPECTED,Compulsory subject; verified Grade 11 Chemistry syllabus
CDC_CHEM_12,Secondary Education Curriculum Grade 12,Curriculum Development Centre (CDC),12,Chemistry,2077,Official CDC curriculum document,https://moecdc.gov.np/content/160/secondary-education-curriculum--2077-grade-11-12-part/,PUBLIC_ACCESS,SOURCE_INSPECTED,Compulsory subject; verified Grade 12 Chemistry syllabus
CDC_BIO_11,Secondary Education Curriculum Grade 11,Curriculum Development Centre (CDC),11,Biology,2077,Official CDC curriculum document,https://moecdc.gov.np/content/160/secondary-education-curriculum--2077-grade-11-12-part/,PUBLIC_ACCESS,SOURCE_INSPECTED,Compulsory subject; Biology syllabus
CDC_BIO_12,Secondary Education Curriculum Grade 12,Curriculum Development Centre (CDC),12,Biology,2077,Official CDC curriculum document,https://moecdc.gov.np/content/160/secondary-education-curriculum--2077-grade-11-12-part/,PUBLIC_ACCESS,SOURCE_INSPECTED,Compulsory subject; verified Grade 12 Biology syllabus
CDC_MATH_11,Secondary Education Curriculum Grade 11,Curriculum Development Centre (CDC),11,Mathematics,2077,Official CDC curriculum document,https://moecdc.gov.np/content/160/secondary-education-curriculum--2077-grade-11-12-part/,PUBLIC_ACCESS,SOURCE_LOCATED,Syllabus structure extraction in progress
CDC_MATH_12,Secondary Education Curriculum Grade 12,Curriculum Development Centre (CDC),12,Mathematics,2077,Official CDC curriculum document,https://moecdc.gov.np/content/160/secondary-education-curriculum--2077-grade-11-12-part/,PUBLIC_ACCESS,SOURCE_LOCATED,Syllabus structure extraction in progress
CDC_ENG_11,Secondary Education Curriculum Grade 11,Curriculum Development Centre (CDC),11,English,2077,Official CDC curriculum document,https://moecdc.gov.np/content/160/secondary-education-curriculum--2077-grade-11-12-part/,PUBLIC_ACCESS,SOURCE_INSPECTED,English language and literature; bilingual support
CDC_ENG_12,Secondary Education Curriculum Grade 12,Curriculum Development Centre (CDC),12,English,2077,Official CDC curriculum document,https://moecdc.gov.np/content/160/secondary-education-curriculum--2077-grade-11-12-part/,PUBLIC_ACCESS,SOURCE_INSPECTED,English language and literature; bilingual support
CDC_NEP_11,Secondary Education Curriculum Grade 11,Curriculum Development Centre (CDC),11,Nepali,2077,Official CDC curriculum document,https://moecdc.gov.np/content/160/secondary-education-curriculum--2077-grade-11-12-part/,PUBLIC_ACCESS,SOURCE_INSPECTED,Nepali language and literature; Devanagari support
CDC_NEP_12,Secondary Education Curriculum Grade 12,Curriculum Development Centre (CDC),12,Nepali,2077,Official CDC curriculum document,https://moecdc.gov.np/content/160/secondary-education-curriculum--2077-grade-11-12-part/,PUBLIC_ACCESS,SOURCE_INSPECTED,Nepali language and literature; Devanagari support
CDC_EVS_11,Secondary Education Curriculum Grade 11,Curriculum Development Centre (CDC),11,Environmental Science,2077,Official CDC curriculum document,https://moecdc.gov.np/content/160/secondary-education-curriculum--2077-grade-11-12-part/,PUBLIC_ACCESS,DISCOVERED,Not yet verified in lesson set
CDC_EVS_12,Secondary Education Curriculum Grade 12,Curriculum Development Centre (CDC),12,Environmental Science,2077,Official CDC curriculum document,https://moecdc.gov.np/content/160/secondary-education-curriculum--2077-grade-11-12-part/,PUBLIC_ACCESS,DISCOVERED,Not yet verified in lesson set
CDC_CS_11,Secondary Education Curriculum Grade 11,Curriculum Development Centre (CDC),11,Computer Science,2077,Official CDC curriculum document,https://moecdc.gov.np/content/160/secondary-education-curriculum--2077-grade-11-12-part/,PUBLIC_ACCESS,DISCOVERED,Not yet represented in lesson set
CDC_CS_12,Secondary Education Curriculum Grade 12,Curriculum Development Centre (CDC),12,Computer Science,2077,Official CDC curriculum document,https://moecdc.gov.np/content/160/secondary-education-curriculum--2077-grade-11-12-part/,PUBLIC_ACCESS,DISCOVERED,Not yet represented in lesson set
CDC_ACC_11,Secondary Education Curriculum Grade 11,Curriculum Development Centre (CDC),11,Accounting,2077,Official CDC curriculum document,https://moecdc.gov.np/content/160/secondary-education-curriculum--2077-grade-11-12-part/,PUBLIC_ACCESS,DISCOVERED,Management stream subject; not yet in lesson set
CDC_ACC_12,Secondary Education Curriculum Grade 12,Curriculum Development Centre (CDC),12,Accounting,2077,Official CDC curriculum document,https://moecdc.gov.np/content/160/secondary-education-curriculum--2077-grade-11-12-part/,PUBLIC_ACCESS,DISCOVERED,Management stream subject Grade 12; not yet in lesson set
CDC_ECO_11,Secondary Education Curriculum Grade 11,Curriculum Development Centre (CDC),11,Economics,2077,Official CDC curriculum document,https://moecdc.gov.np/content/160/secondary-education-curriculum--2077-grade-11-12-part/,PUBLIC_ACCESS,DISCOVERED,Management stream subject; not yet in lesson set
CDC_ECO_12,Secondary Education Curriculum Grade 12,Curriculum Development Centre (CDC),12,Economics,2077,Official CDC curriculum document,https://moecdc.gov.np/content/160/secondary-education-curriculum--2077-grade-11-12-part/,PUBLIC_ACCESS,DISCOVERED,Management stream subject Grade 12; not yet in lesson set
CDC_BUS_11,Secondary Education Curriculum Grade 11,Curriculum Development Centre (CDC),11,Business Studies,2077,Official CDC curriculum document,https://moecdc.gov.np/content/160/secondary-education-curriculum--2077-grade-11-12-part/,PUBLIC_ACCESS,DISCOVERED,Management stream subject; not yet in lesson set
CDC_BUS_12,Secondary Education Curriculum Grade 12,Curriculum Development Centre (CDC),12,Business Studies,2077,Official CDC curriculum document,https://moecdc.gov.np/content/160/secondary-education-curriculum--2077-grade-11-12-part/,PUBLIC_ACCESS,DISCOVERED,Management stream subject Grade 12; not yet in lesson set
CDC_EDU_11,Secondary Education Curriculum Grade 11,Curriculum Development Centre (CDC),11,Education,2077,Official CDC curriculum document,https://moecdc.gov.np/content/160/secondary-education-curriculum--2077-grade-11-12-part/,PUBLIC_ACCESS,DISCOVERED,Humanities stream subject; not yet in lesson set
CDC_EDU_12,Secondary Education Curriculum Grade 12,Curriculum Development Centre (CDC),12,Education,2077,Official CDC curriculum document,https://moecdc.gov.np/content/160/secondary-education-curriculum--2077-grade-11-12-part/,PUBLIC_ACCESS,DISCOVERED,Humanities stream subject Grade 12; not yet in lesson set
CDC_PSC_11,Secondary Education Curriculum Grade 11,Curriculum Development Centre (CDC),11,Political Science,2077,Official CDC curriculum document,https://moecdc.gov.np/content/160/secondary-education-curriculum--2077-grade-11-12-part/,PUBLIC_ACCESS,DISCOVERED,Humanities stream subject; not yet in lesson set
CDC_PSC_12,Secondary Education Curriculum Grade 12,Curriculum Development Centre (CDC),12,Political Science,2077,Official CDC curriculum document,https://moecdc.gov.np/content/160/secondary-education-curriculum--2077-grade-11-12-part/,PUBLIC_ACCESS,DISCOVERED,Humanities stream subject Grade 12; not yet in lesson set
CDC_SOC_11,Secondary Education Curriculum Grade 11,Curriculum Development Centre (CDC),11,Sociology,2077,Official CDC curriculum document,https://moecdc.gov.np/content/160/secondary-education-curriculum--2077-grade-11-12-part/,PUBLIC_ACCESS,DISCOVERED,Humanities stream subject; not yet in lesson set
CDC_SOC_12,Secondary Education Curriculum Grade 12,Curriculum Development Centre (CDC),12,Sociology,2077,Official CDC curriculum document,https://moecdc.gov.np/content/160/secondary-education-curriculum--2077-grade-11-12-part/,PUBLIC_ACCESS,DISCOVERED,Humanities stream subject Grade 12; not yet in lesson set
CDC_ADV_MATH_11,Secondary Education Curriculum Grade 11,Curriculum Development Centre (CDC),11,Advanced Mathematics,2077,Official CDC curriculum document,https://moecdc.gov.np/content/160/secondary-education-curriculum--2077-grade-11-12-part/,PUBLIC_ACCESS,DISCOVERED,Distinct from core Mathematics; optional subject top-up
CDC_ADV_MATH_12,Secondary Education Curriculum Grade 12,Curriculum Development Centre (CDC),12,Advanced Mathematics,2077,Official CDC curriculum document,https://moecdc.gov.np/content/160/secondary-education-curriculum--2077-grade-11-12-part/,PUBLIC_ACCESS,DISCOVERED,Distinct from core Mathematics Grade 12; optional subject top-up
CDC_INT_11,Secondary Education Curriculum Grade 11,Curriculum Development Centre (CDC),11,Intelligent Study,2077,Official CDC curriculum document,https://moecdc.gov.np/content/160/secondary-education-curriculum--2077-grade-11-12-part/,PUBLIC_ACCESS,DISCOVERED,New curriculum element; transitional status (2077-78)
CDC_INT_12,Secondary Education Curriculum Grade 12,Curriculum Development Centre (CDC),12,Intelligent Study,2077,Official CDC curriculum document,https://moecdc.gov.np/content/160/secondary-education-curriculum--2077-grade-11-12-part/,PUBLIC_ACCESS,DISCOVERED,New curriculum element; transitional status (2077-78)
CDC_NF_11,Secondary Education Curriculum Grade 11,Curriculum Development Centre (CDC),11,Nursing Fundamentals,2077,Official CDC curriculum document,https://moecdc.gov.np/content/160/secondary-education-curriculum--2077-grade-11-12-part/,PUBLIC_ACCESS,DISCOVERED,Vocational/Health stream subject; not in current lesson set
CDC_NF_12,Secondary Education Curriculum Grade 12,Curriculum Development Centre (CDC),12,Nursing Fundamentals,2077,Official CDC curriculum document,https://moecdc.gov.np/content/160/secondary-education-curriculum--2077-grade-11-12-part/,PUBLIC_ACCESS,DISCOVERED,Vocational/Health stream subject; not in current lesson set
CDC_HMB_11,Secondary Education Curriculum Grade 11,Curriculum Development Centre (CDC),11,Hotel Management Basics,2077,Official CDC curriculum document,https://moecdc.gov.np/content/160/secondary-education-curriculum--2077-grade-11-12-part/,PUBLIC_ACCESS,DISCOVERED,Vocational subject; not in current lesson set
CDC_HMB_12,Secondary Education Curriculum Grade 12,Curriculum Development Centre (CDC),12,Hotel Management Basics,2077,Official CDC curriculum document,https://moecdc.gov.np/content/160/secondary-education-curriculum--2077-grade-11-12-part/,PUBLIC_ACCESS,DISCOVERED,Vocational subject; not in current lesson set
